ARI,NFC,West,3
ATL,NFC,South,1
BAL,AFC,North,1
BUF,AFC,East,1
CAR,NFC,South,1
CHI,NFC,North,2
CIN,AFC,North,1
CLE,AFC,North,1
DAL,NFC,East,2
DEN,AFC,West,3
DET,NFC,North,1
GB,NFC,North,2
HOU,AFC,South,2
IND,AFC,South,1
JAX,AFC,South,1
KC,AFC,West,2
MIA,AFC,East,1
MIN,NFC,North,2
NE,AFC,East,1
NO,NFC,South,1
NYG,NFC,East,1
NYJ,AFC,East,1
OAK,AFC,West,4
PHI,NFC,East,1
PIT,AFC,North,1
SD,AFC,West,4
SEA,NFC,West,4
SF,NFC,West,4
STL,NFC,West,2
TB,NFC,South,1
TEN,AFC,South,2
WAS,NFC,East,1
